<?xml version="1.0"?>
<doc>
    <assembly>
        <name>project.api</name>
    </assembly>
    <members>
        <member name="T:project.api.Controllers.UploadController">
            <summary>
            上传相关
            </summary>
        </member>
        <member name="M:project.api.Controllers.UploadController.Uploadfile">
            <summary>
            上传文件
            </summary>
            <param name="formFile"></param>
            <returns></returns>
        </member>
        <member name="M:project.api.Controllers.UploadController.ChunkUploadfile(System.Int32,System.Int32,System.Int64,System.String,System.Int32)">
            <summary>
            分块上传
            </summary>
            <returns></returns>
        </member>
        <member name="T:project.api.Controllers.UserController">
            <summary>
            用户相关服务
            </summary>
        </member>
        <member name="M:project.api.Controllers.UserController.Login(project.service.ApiModel.LoginRequest)">
            <summary>
            登录，获取jwt
            </summary>
            <param name="request"></param>
            <returns></returns>
        </member>
        <member name="M:project.api.Controllers.UserController.Hello(project.service.ApiModel.HelloRequest)">
            <summary>
            打招呼
            </summary>
            <param name="request"></param>
            <returns></returns>
        </member>
        <member name="P:project.api.Filters.MyActionFilterAttribute.ValidParams">
            <summary>
            是否验证参数有效性
            </summary>
        </member>
        <member name="T:project.api.SwaggerServiceExtensions.SwaggerDocumentFilter">
            <summary>
            Swagger控制器描述文字
            </summary>
        </member>
    </members>
</doc>
